1/1/20,7187.75,7267.08,7171.82,7211.21
1/2/20,7203.58,7223.02,6946.18,6979.07
1/3/20,6979.05,7405.41,6882.62,7307.53
1/4/20,7307.18,7401.68,7280.41,7353.26
1/5/20,7354.24,7500.83,7332.62,7355.25
1/6/20,7355.62,7754.75,7336.35,7727.39
1/7/20,7722.68,8190.89,7722.68,8041.89
1/8/20,8042.88,8457.01,7877.96,8068.51
1/9/20,8068.6,8109.66,7758.39,7810.08
1/10/20,7811.42,8135.78,7687.55,8089.62
1/11/20,8090.56,8285.98,8013.96,8076.12
1/12/20,8075.96,8183.69,7972.39,8155.78
1/13/20,8157.01,8198.97,8057.58,8122.41
1/14/20,8121.36,8836.94,8104.42,8746.92
1/15/20,8738.07,8889.37,8561.03,8846.82
1/16/20,8845.06,8857.83,8587.4,8714.37
1/17/20,8714.08,9003.43,8665.99,8924.98
1/18/20,8923.42,8973.95,8807.88,8941.74
1/19/20,8941.86,9176.7,8510.61,8636.45
1/20/20,8636.3,8737.31,8525,8653.09
1/21/20,8644.38,8767.61,8480.43,8714.72
1/22/20,8713.23,8791.54,8585.37,8647.09
1/23/20,8647.1,8678.87,8292.12,8402.73
1/24/20,8404.32,8515.44,8226,8455.93
1/25/20,8456.61,8462.65,8263.42,8349.44
1/26/20,8348.03,8603.81,8303.15,8564.38
1/27/20,8565.12,8987.48,8563.12,8896.41
1/28/20,8898.06,9181.73,8881.61,9142.73
1/29/20,9143.95,9429.13,9117.96,9329.68
1/30/20,9329.72,9559.04,9193.82,9554.64
1/31/20,9557.75,9559.58,9211.87,9397.12
2/1/20,9398.1,9455.61,9296.87,9372.78
2/2/20,9372.66,9469.59,9171.78,9392.97
2/3/20,9391.22,9602.18,9234.61,9273.94
2/4/20,9273.29,9346.98,9089.96,9180.92
2/5/20,9180.71,9745.63,9156.8,9622.73
2/6/20,9622.81,9852.31,9534.37,9677.88
2/7/20,9676.87,9863.62,9657.23,9792.8
2/8/20,9792.65,9935.87,9665.42,9914.39
2/9/20,9913.46,10161.3,9882.13,10113
2/10/20,10112.3,10185.1,9762.66,9839.53
2/11/20,9841.06,10365.6,9716.75,10229.9
2/12/20,10229.2,10470.1,10215.4,10353.9
2/13/20,10353.3,10499.5,10091.5,10214.6
2/14/20,10213.8,10387.4,10105.7,10364.2
2/15/20,10363.5,10387.8,9797.13,9924.81
2/16/20,9924.8,10041.2,9640.84,9872.16
2/17/20,9875.03,9993.59,9485.68,9636.3
2/18/20,9634.52,10270.8,9620.75,10181.5
2/19/20,10180.7,10296.3,9355.55,9691.02
2/20/20,9690.09,9694.5,9410.69,9628.55
2/21/20,9628.61,9765.34,9582.36,9677.7
2/22/20,9676.69,9726.73,9578.48,9686.48
2/23/20,9683.12,10010.2,9669.93,9925.76
2/24/20,9930.66,10018.7,9497.04,9650.26
2/25/20,9649.06,9680.98,9263.9,9388.37
2/26/20,9390.18,9390.43,8658.66,8798.22
2/27/20,8795.68,8977.62,8542.53,8805.91
2/28/20,8797.66,8907.9,8455.92,8796.17
2/29/20,8802.25,8818.59,8608.11,8655.5
3/1/20,8655.77,8775.71,8445.67,8565.58
3/2/20,8568.82,8980.82,8523.16,8941.39
3/3/20,8936.53,8939.89,8680.59,8792.87
3/4/20,8791.22,8862.82,8695.82,8765.47
3/5/20,8766.56,9178.43,8761.22,9082.8
3/6/20,9082.49,9183.12,9015.72,9125.93
3/7/20,9126.1,9216.51,8882.64,8945.86
3/8/20,8945.78,8947.83,8191.88,8194.35
3/9/20,8191.99,8264.82,7665.32,7894.55
3/10/20,7891.96,8164.18,7761.11,7972.45
3/11/20,7971.21,7996.26,7618.7,7983.29
3/12/20,7976.18,7989.08,5587.25,5804.22
3/13/20,5808.99,5982.35,3953.37,5664.34
3/14/20,5663.01,5762,5204.51,5292.41
3/15/20,5286.12,5951.2,5073.58,5362.88
3/16/20,5359.53,5448.2,4459.22,4945.02
3/17/20,4947.51,5561.43,4927.98,5464
3/18/20,5460.8,5463.67,5033.38,5364.51
3/19/20,5365.51,6415.91,5268.33,6300.94
3/20/20,6303.2,6921.28,5703.98,6192.29
3/21/20,6171.54,6459.65,5894.61,6175.12
3/22/20,6175.12,6410.9,5812.01,5884.5
3/23/20,5884.5,6614.56,5703.64,6469.2
3/24/20,6469.2,6837.2,6408.98,6786.43
3/25/20,6786.04,6978.39,6483.69,6676.03
3/26/20,6699.66,6792.73,6543.99,6726.52
3/27/20,6723.31,6871.65,6596.34,6685.97
3/28/20,6684.98,6684.98,6061.28,6229.96
3/29/20,6229.08,6286.87,5883.82,5914.65
3/30/20,5912.8,6578.29,5874.97,6545.53
3/31/20,6547.7,6614.08,6354.48,6458.95
4/1/20,6458.39,6468.38,6171.55,6376.67
4/2/20,6376.75,7234.86,6375.42,6844.73
4/3/20,6841.24,7043.56,6622.82,6738.37
4/4/20,6739.64,6993.65,6681.78,6878.93
4/5/20,6881.11,6909.72,6692.04,6768.56
4/6/20,6768.65,7318.78,6768.65,7299.91
4/7/20,7300.54,7460.26,7085.64,7185.13
4/8/20,7179.96,7423.58,7141.61,7334.54
4/9/20,7335.15,7395.43,7129.89,7317.62
4/10/20,7319.58,7322.25,6764.19,6906.14
4/11/20,6905.45,6955.1,6786.12,6874.99
4/12/20,6876.99,7199.78,6802.88,7131.02
4/13/20,7131.09,7150.12,6614.68,6843.65
4/14/20,6845.05,6985.52,6777.86,6861.58
4/15/20,6863.38,6937.04,6697.41,6743.5
4/16/20,6743.32,7127.56,6493.53,7081.18
4/17/20,7081.09,7203.68,7006.2,7052.61
4/18/20,7052.53,7274.71,7034.38,7230.87
4/19/20,7230.93,7301.82,7072.6,7205.19
4/20/20,7201.81,7222.48,6772.31,6861.8
4/21/20,6860.42,6947.49,6781.25,6902.73
4/22/20,6903.1,7164.36,6831.66,7102.66
4/23/20,7102.77,7726.49,7041.81,7602.88
4/24/20,7600.1,7606.41,7414.86,7515.94
4/25/20,7512.97,7704.84,7448.13,7532.02
4/26/20,7532.02,7705.21,7506.62,7633.16
4/27/20,7634.78,7789.4,7590.36,7739.75
4/28/20,7737.57,7790.82,7673.01,7739.38
4/29/20,7737.76,8945.91,7730.76,8868.36
4/30/20,8867.43,9457.54,8420.88,8766.97
5/1/20,8764.21,9062.29,8601.95,8847.22
5/2/20,8849.01,9012.25,8777.69,8938.49
5/3/20,8936.93,9197.17,8739.56,8862.19
5/4/20,8860.19,8962.39,8539.04,8952.17
5/5/20,8952.3,9116.41,8785.25,8972.98
5/6/20,8972.68,9391.01,8924.47,9293.71
5/7/20,9293.51,9961.47,9059.18,9883.19
5/8/20,9882.01,10061.1,9735.91,10011.1
5/9/20,10012.9,10015.5,9528.95,9607.33
5/10/20,9607.63,9673.92,8258.16,8726.03
5/11/20,8724.44,9155.83,8242.53,8577.82
5/12/20,8578.46,8974.82,8513.19,8751.62
5/13/20,8752.91,9406.17,8752.91,9363.05
5/14/20,9361.78,9933.09,9266.52,9781.12
5/15/20,9779.64,9844.79,9163.55,9414.35
5/16/20,9416.91,9575.1,9227.65,9383.53
5/17/20,9383.32,9883.98,9337.27,9761.77
5/18/20,9761.56,9940.71,9502.07,9683.76
5/19/20,9683.67,9890.48,9480.02,9684.7
5/20/20,9684.32,9828.37,9329.82,9549.99
5/21/20,9549.93,9567.93,8812.57,9101.77
5/22/20,9101.83,9262.58,8940.3,9206.07
5/23/20,9206.26,9310.17,9102.99,9228.94
5/24/20,9229.05,9306.63,8867.25,9055.57
5/25/20,9058.01,9070.08,8642.57,8900.96
5/26/20,8901.53,9011.05,8706.55,8849.2
5/27/20,8847.34,9217.09,8807.15,9066.03
5/28/20,9066.34,9523.58,9062.74,9439.21
5/29/20,9437.5,9616.93,9346.95,9390.35
5/30/20,9392.19,9578.52,9340.6,9482.7
5/31/20,9483.14,9735.11,9429.2,9463.44
6/1/20,9463.42,9688.51,9403.63,9651.85
6/2/20,9653.98,10357.6,9349.83,9523.86
6/3/20,9523.87,9627.65,9416.19,9583.71
6/4/20,9584.53,9872.94,9471.57,9777.66
6/5/20,9777.92,9852.65,9620.66,9660.67
6/6/20,9662.82,9728.34,9537.12,9695.04
6/7/20,9695.2,9802.38,9412.28,9710.79
6/8/20,9710.78,9788.91,9660.75,9712.79
6/9/20,9711.31,9877.63,9611.18,9822.91
6/10/20,9822.93,9987.37,9709.39,9854.13
6/11/20,9855.21,9969.57,9095.89,9345.62
6/12/20,9345.14,9547.68,9239.78,9439.64
6/13/20,9440.23,9490.34,9366.23,9424.64
6/14/20,9425.01,9479.33,9316.89,9338.84
6/15/20,9340.39,9497.16,8910.56,9437.14
6/16/20,9437.39,9581.72,9383.65,9507.66
6/17/20,9506.29,9548.34,9247.23,9409.8
6/18/20,9409.64,9479.47,9277.98,9366.75
6/19/20,9365.07,9419.9,9239.6,9324.16
6/20/20,9324.94,9352.55,9184.09,9339.38
6/21/20,9339.37,9413.96,9305.03,9328.56
6/22/20,9328.63,9773.86,9282.75,9690.25
6/23/20,9689.26,9720.09,9581.07,9649.24
6/24/20,9648.6,9664.38,9209,9265.66
6/25/20,9265.2,9328.81,9005.67,9301.57
6/26/20,9301.64,9309.94,9045.11,9174.83
6/27/20,9175.15,9199.68,8869.99,9059.03
6/28/20,9059.18,9189.3,8946.54,9124.24
6/29/20,9124.89,9233.84,9027.25,9212.15
6/30/20,9210.95,9232.66,9069.9,9163.73
7/1/20,9163.43,9299.29,9097.79,9243.83
7/2/20,9243.86,9267.63,8956.73,9152.23
7/3/20,9141.33,9144.84,9059.2,9100.2
7/4/20,9100.65,9195.86,9050.04,9125.2
7/5/20,9125.2,9152.86,8941.13,9040.05
7/6/20,9039.31,9350.81,9039.31,9284.22
7/7/20,9280.13,9375.67,9209.21,9248.45
7/8/20,9246.92,9471.56,9236.79,9434.18
7/9/20,9435.22,9468.36,9171.47,9253.41
7/10/20,9253.93,9255.25,9128.87,9216.37
7/11/20,9219.61,9316.6,9189.03,9224.6
7/12/20,9224.59,9337.38,9170.74,9268.97
7/13/20,9269.46,9336.28,9203.01,9249.25
7/14/20,9249.72,9279.27,9118.97,9244.36
7/15/20,9243.73,9272.45,9162.02,9226.55
7/16/20,9227.16,9230.14,9037.89,9126.44
7/17/20,9126.58,9181.93,9083.27,9154.51
7/18/20,9150.16,9204.08,9126.06,9181.37
7/19/20,9180.47,9186.03,9114,9175.75
7/20/20,9175.91,9232.19,9137.99,9174.18
7/21/20,9174.11,9430.5,9161.04,9383.57
7/22/20,9381.85,9394.34,9293.14,9381.49
7/23/20,9383.91,9673.04,9376.78,9618.66
7/24/20,9619.07,9647.78,9477.32,9611.2
7/25/20,9610.84,9743.85,9531.02,9701.95
7/26/20,9702.46,10138.4,9659.72,9888.63
7/27/20,9889.27,11132.2,9889.27,11125.8
7/28/20,11123.3,11395.9,10604.5,11025.2
7/29/20,11023.7,11348.3,10857.6,11297.1
7/30/20,11301.2,11319.1,10876.9,11097.3
7/31/20,11097.4,11453.3,10984,11397.7
8/1/20,11398.6,11873.9,11241.8,11772.2
8/2/20,11773,12105.7,10727.9,11136.9
8/3/20,11137.4,11475.7,10955.6,11222.8
8/4/20,11184,11414.4,11028.6,11241.1
8/5/20,11236.4,11790.6,11105.5,11779.1
8/6/20,11779.7,11909.6,11560.6,11747.2
8/7/20,11748,11912,11354.2,11602.5
8/8/20,11603.8,11810.8,11536.4,11765.4
8/9/20,11765.2,11802.1,11535.3,11648.5
8/10/20,11650.4,12072,11644.6,11839
8/11/20,11843.6,11939.9,11141.6,11302.5
8/12/20,11299.7,11620.8,11188,11509.6
8/13/20,11509.1,11733.1,11286.8,11697.9
8/14/20,11697.4,11861.7,11660.9,11773.9
8/15/20,11773.6,11981.6,11701.3,11914.4
8/16/20,11914.8,11974.8,11702,11862.5
8/17/20,11861.5,12474.5,11776.1,12335
8/18/20,12335.3,12412.6,11863.7,12075
8/19/20,12075.5,12086.9,11598.2,11715.8
8/20/20,11715,11888.6,11680.9,11832.8
8/21/20,11833.8,11882.2,11497.8,11528
8/22/20,11534.4,11681.2,11379.9,11673.6
8/23/20,11673,11712.2,11521.9,11671.4
8/24/20,11671.4,11827.5,11597.7,11759.3
8/25/20,11759.3,11786.7,11134.8,11312.8
8/26/20,11311.5,11541.3,11261.2,11476.9
8/27/20,11476.9,11590.3,11139.3,11289.1
8/28/20,11291.8,11553.2,11270.5,11501
8/29/20,11498.7,11585.9,11436.4,11513.2
8/30/20,11513.7,11688,11470.2,11607.5
8/31/20,11609,11775,11586.4,11638
9/1/20,11639.6,12054.9,11544.9,12027.4
9/2/20,12027.4,12049.2,11220.4,11387.6
9/3/20,11387.6,11466.3,10514.6,10734.2
9/4/20,10734.2,10760.2,10021.1,10561.8
9/5/20,10563.6,10594.7,9884.21,10094.7
9/6/20,10097.2,10359.6,9978.55,10329
9/7/20,10329.3,10354.5,9895.68,10160.8
9/8/20,10160.8,10443.7,9939.63,10029.8
9/9/20,10030.9,10348.5,9868.75,10245
9/10/20,10245.6,10493.3,10191.5,10351.5
9/11/20,10351,10380.8,10216.8,10349.1
9/12/20,10349,10486.6,10282.9,10455.6
9/13/20,10457.6,10578.8,10224.9,10303.7
9/14/20,10303.9,10753.1,10259.7,10717.9
9/15/20,10719.7,10933.9,10630.7,10857.6
9/16/20,10862.8,11094,10673,11018.8
9/17/20,11020.1,11046,10760.1,10962.5
9/18/20,10962.3,11040,10824.8,10942.2
9/19/20,10944,11172.1,10897.7,11054.5
9/20/20,11054.4,11088.3,10778.8,10876.6
9/21/20,10876.1,10992,10346.9,10508.8
9/22/20,10508.5,10576.6,10366.9,10551
9/23/20,10552.4,10559.9,10167.3,10260
9/24/20,10256.9,10711.9,10213.8,10651.6
9/25/20,10651.6,10791.2,10564.7,10752.9
9/26/20,10756.6,10818.6,10658.2,10730.6
9/27/20,10728.6,10809.3,10613.7,10726.6
9/28/20,10734.6,10949.6,10734.6,10890.1
9/29/20,10889.1,10889.1,10644.1,10770.6
9/30/20,10772.8,10860.6,10666.3,10708.3
10/1/20,10706.9,10921.1,10456.4,10592.9
10/2/20,10594,10668.2,10389.8,10477.2
10/3/20,10476.8,10601.3,10475.4,10578.9
10/4/20,10585.2,10699.7,10535,10653.7
10/5/20,10653.3,10769.5,10628.3,10743.7
10/6/20,10743.8,10801.5,10533.3,10575.4
10/7/20,10575.2,10679.7,10555.4,10663.3
10/8/20,10663.2,10955.5,10542.6,10884.8
10/9/20,10884.3,11109,10841.9,11059.2
10/10/20,11058.8,11484.6,11049.4,11378
10/11/20,11374,11433.6,11274.1,11328.5
10/12/20,11325.3,11721.4,11229.9,11692.2
10/13/20,11691.3,11704.3,11316.3,11454.9
10/14/20,11453.7,11549.2,11298.9,11383.9
10/15/20,11384.1,11604.2,11272.1,11505.6
10/16/20,11499,11545.3,11226.2,11344.6
10/17/20,11344.6,11404.5,11272.4,11349.1
10/18/20,11349.7,11486.3,11344,11463.3
10/19/20,11462.3,11818.7,11417.2,11756.2
10/20/20,11755.8,12045.6,11690,11930.2
10/21/20,11931.2,12987.7,11899.3,12938.8
10/22/20,12930,13233.8,12704.2,13156.2
10/23/20,13154.1,13196.9,12736.4,12919.7
10/24/20,12917.9,13166.8,12888.6,13080.6
10/25/20,13080.7,13346.5,12910.7,13020.8
10/26/20,13020.6,13241,12798.3,13056.2
10/27/20,13055.4,13754,13050.8,13736.9
10/28/20,13737.8,13855.1,12906.2,13267
10/29/20,13267,13642.5,12988.1,13412.5
10/30/20,13410.7,13673.9,13135,13571.4
10/31/20,13569,14072.5,13433.1,13875.4
11/1/20,13875.3,13891.8,13631.2,13698.2
11/2/20,13701.1,13828.4,13224,13581.9
11/3/20,13581.2,13847.2,13303.3,13832.4
11/4/20,13833.7,14256.5,13541.6,14122.6
11/5/20,14132.2,15561.6,14084.6,15558.9
11/6/20,15558.9,15947.7,15223.1,15612.1
11/7/20,15614.3,15765,14441.6,14831.9
11/8/20,14830.7,15653,14740.5,15520.1
11/9/20,15522.4,15809.8,14834,15253.8
11/10/20,15255.3,15476.8,15099.6,15381.5
11/11/20,15383.4,15978.8,15288.8,15810.4
11/12/20,15802.1,16341.5,15482,16226.3
11/13/20,16236.7,16481.5,15977.5,16319.2
11/14/20,16318.6,16354,15727.9,16035.7
11/15/20,16036.1,16156.5,15796.9,15942.3
11/16/20,15937.1,16876.2,15878.9,16728
11/17/20,16718.7,17852,16563.7,17604.1
11/18/20,17605.7,18461.5,17277.3,17835.2
11/19/20,17828,18167.6,17367.8,17886.2
11/20/20,17881.2,18812.5,17723.8,18626
11/21/20,18629,18965.9,18370.1,18631.8
11/22/20,18631.5,18756.3,17644.3,18627.7
11/23/20,18575.4,18693.5,18029.7,18421.2
11/24/20,18422.3,19418.4,18129.2,19126.9
11/25/20,19124,19487.4,18647.8,18777.4
11/26/20,18780.8,18904.5,16274.7,17199.8
11/27/20,17199.4,17478.3,16469.2,16991.3
11/28/20,16988.2,17892.2,16897.6,17784.8
11/29/20,17784.1,18345.3,17547.7,18161.3
11/30/20,18159,19841.9,18153.1,19490.3
12/1/20,19491.7,19909.6,18225.7,18952.2
12/2/20,18941,19333,18355.6,19134.1
12/3/20,19127.3,19604.1,18891.9,19482.7
12/4/20,19484.8,19550.1,18620,18670.1
12/5/20,18687.7,19173,18517.1,19021
12/6/20,19021.6,19333.9,18889.2,19145.1
12/7/20,19147.1,19413.2,18911.7,19126.2
12/8/20,19126.9,19294.8,18472,18472
12/9/20,18389.4,18604.8,17671.5,18560.1
12/10/20,18557.7,18639.1,17921,18334.6
12/11/20,18334.6,18382,17598.6,18131.6
12/12/20,18135,18941.5,18030,18886.5
12/13/20,18885.3,19414.6,18738.4,19111.3
12/14/20,19109.6,19332.6,19010,19286
12/15/20,19288.4,19552.2,19064.9,19472.7
12/16/20,19474,21436.9,19300,21397.2
12/17/20,21389.5,23694.5,21235.8,22963.8
12/18/20,22976.3,23270.3,22359.8,23029.3
12/19/20,23030.3,24112.7,22796.3,23919.6
12/20/20,23922.6,24240.6,23108.7,23484.5
12/21/20,23485.4,24076.7,22040.1,23184.8
12/22/20,23174.4,23759.2,22386.9,23723.8
12/23/20,23723.8,24067.1,22666.3,23270.6
12/24/20,23277.1,23724.8,22722.3,23677
12/25/20,23701.8,24659.4,23420.5,24565.5
12/26/20,24568,26769.4,24503.5,26376.8
12/27/20,26379.7,28329.2,25833.1,26473.9
12/28/20,26481.8,27429.1,26088.9,26826.5
12/29/20,26857.7,27176.4,25882.7,27011.6
12/30/20,27020.7,28985.3,26937.8,28731.5
12/31/20,28725.7,29301.4,27975.7,29110.4
1/1/21,29129.1,29665.8,28754.6,29340.4
1/2/21,29340.2,33246.6,29040.2,32198.7
1/3/21,32172.1,34770.7,31721.4,33148.1
1/4/21,33147,33621.4,28496.8,31387
1/5/21,31361.2,34486.8,29997.7,34310.4
1/6/21,34304,36477.9,33417,36058.4
1/7/21,36073.5,40335.1,36052.8,39675.4
1/8/21,39700.9,41945.4,36696.1,40717.2
1/9/21,40729.4,41395,38798.7,40413.7
1/10/21,40417,41422.3,35315.3,38455
1/11/21,38450.1,38660.6,30314.1,34470.2
1/12/21,34446.9,36608,32526.7,33648.8
1/13/21,33715.6,37804.6,32426.2,37165
1/14/21,37165.9,40082.9,36776.4,38872.6
1/15/21,38947.3,39677.4,34459.4,36632.2
1/16/21,36605.8,37942.1,35425.9,36139.1
1/17/21,36146.1,36856.6,33858.6,36214.2
1/18/21,36189.7,37424.1,34809.4,36464.9
1/19/21,36478.4,37862.6,36093.4,36686.1
1/20/21,36684.2,36730.9,33527.1,35008.4
1/21/21,34998.9,35669.5,30080.5,30856.8
1/22/21,30867.1,33850,28823.8,32875.8
1/23/21,32873.5,33483.6,31442.2,32085.9
1/24/21,32083.7,33074.5,30992.5,32180.9
1/25/21,32166,34877.3,31938.1,32487.4
1/26/21,32460.4,32825.7,30856.7,32736.1
1/27/21,32763.2,32937,29272.3,30600.3
1/28/21,30601.9,33548.3,29909.6,33537
1/29/21,33535.9,38629.1,31998.4,34488.2
1/30/21,34496,34903.2,32875.8,34601.8
1/31/21,34593.9,34593.9,32219.1,33006.1
2/1/21,33008.6,34704.4,32342.7,33561.4
2/2/21,33562,36004.1,33464.1,35629.3
2/3/21,35610.1,37525.7,35426.1,37315.2
2/4/21,37310.1,38740.3,36249.7,37293.5
2/5/21,37300.9,38339.9,36638.3,37840
2/6/21,37831.6,40982,37809.2,40060.7
2/7/21,40046.1,40046.1,37411.6,38828.3
2/8/21,38829.3,44994.3,38077.4,44667.9
2/9/21,44693.1,48192.9,44679.4,46880.5
2/10/21,46893.2,47337.4,43769.4,45229.5
2/11/21,45232.8,48620.3,44061.5,47709.7
2/12/21,47713.8,48919.6,46264.2,47951.5
2/13/21,47943.4,48145.4,46295.2,47141.2
2/14/21,47125.1,49638.9,47090.8,49113.2
2/15/21,49092.8,49105.8,45938.7,48259.3
2/16/21,48321.6,50522.6,47071.5,49134.8
2/17/21,49131.7,52622.3,48968.9,52142.7
2/18/21,52133.9,52542.5,50908.1,51876.4
2/19/21,51870.6,56247.1,50782.9,55466.8
2/20/21,55459.5,57522.1,54196.1,55509.9
2/21/21,55491.9,58346.6,55425.3,57354.9
2/22/21,57365.3,57587.6,48390,54157.9
2/23/21,54119.3,54328.9,45016.9,48697.1
2/24/21,48651.9,51359.8,47041.8,48885.2
2/25/21,48871.2,52084.1,47450,48125.8
2/26/21,48206.3,48435.1,44200.7,45526.6
2/27/21,45514.2,48313.9,45439.9,45874.2
2/28/21,45850.6,46640.9,43143.8,45272.1
3/1/21,45273.2,49495.3,44976.3,49169.2
3/2/21,49173.2,50221,47097.8,47845.2
3/3/21,47849.3,52601.5,47790.6,50601.8
3/4/21,50607.7,51782.5,47516.9,48251
3/5/21,48246.4,49463.4,46351.5,49094.8
3/6/21,49087.8,49179.8,47113.2,48959.9
3/7/21,48964.9,51339.6,48854.3,50515.6
3/8/21,50515.4,51978.4,49343.7,51602.5
3/9/21,51618.4,54882.9,51618.4,54807.5
3/10/21,54842.4,57378.1,53077.9,56941.3
3/11/21,56932.7,58024.2,54338.5,57954.9
3/12/21,57955.3,58141.4,55097.9,57253.4
3/13/21,57241.8,61747.6,56129.5,61086.2
3/14/21,61071.1,61658,59335.7,60209
3/15/21,60215.8,60727.9,54944.6,56148.7
3/16/21,56161,56818.6,53302.9,56308.1
3/17/21,56285.4,58956.3,54185.9,58356.6
3/18/21,58387.3,60070.3,57035.5,57695.6
3/19/21,57656.9,59441.4,56302.8,58531.8
3/20/21,58511.1,59887.1,57843,58538.4
3/21/21,58514.8,58589.7,55652.8,57637.4
3/22/21,57611.5,58422.3,53813.1,54574.9
3/23/21,54616.1,55836.3,52990.7,54395.1
3/24/21,54391.5,57192.1,51704.9,52596.7
3/25/21,52536.9,53186.7,50444.4,51757.9
3/26/21,51763.1,54800.2,51269.2,54431.6
3/27/21,54427.9,56551.4,54005.2,56412
3/28/21,56409,56516.5,54723.6,55143.2
3/29/21,55141.2,58382.2,54922.5,57555.4
3/30/21,57560.1,59398,57055.9,58761.8
3/31/21,58758.3,59813.4,56969.3,58949.4
4/1/21,58946.8,59469.4,57959.4,58755.9
4/2/21,58753.2,60057.4,58471.9,58774.3
4/3/21,58766.7,59759.1,57553.9,57679
4/4/21,57656,58488.9,56501.1,58115
4/5/21,58126,59215.5,56838.2,58673.4
4/6/21,58680.7,59459.5,57386,57927.2
4/7/21,57878.7,58624.3,55471.6,56185.7
4/8/21,56168.5,58145.6,55725.8,57675.7
4/9/21,57673.6,58881.6,57571.1,58340.5
4/10/21,58340.4,61182.5,57869.4,59107.9
4/11/21,59119.8,60659.3,59040.2,59546.6
4/12/21,59571.9,61232.7,59420.7,60002.2
4/13/21,59989.6,63680.5,59820.4,63137.9
4/14/21,63128.3,64830.5,61366.5,62810.2
4/15/21,62778.2,63813.9,62042.2,63460.9
4/16/21,63458.7,63582.9,60061.4,61840.1
4/17/21,61826.4,62539.4,59725.6,60773.6
4/18/21,60773.1,60857.5,52864.1,56352.3
4/19/21,56362.1,57573.6,54297.1,56337.9
4/20/21,56332.6,57085.7,53434.8,57014.4
4/21/21,57049.2,57094.4,54358.4,54816.2
4/22/21,54780.9,55454.8,50552.9,51699.5
4/23/21,51655.7,52217.4,47534.6,50440
4/24/21,50359.3,51216.6,48774.9,50876.9
4/25/21,50909.4,50996.9,47090.1,47694.4
4/26/21,47674.9,54388.1,47600.7,53384.3
4/27/21,53403.5,55488,52960.2,55323.9
4/28/21,55322.1,56442.7,53907.6,54857.8
4/29/21,54853.5,55208.4,52399.6,53340.2
4/30/21,53350,57372.8,53096.6,57046.5
5/1/21,57045.9,58497.5,56967.4,57468.4
5/2/21,57480.9,57961.6,56137.4,56701.6
5/3/21,56701.6,58963.1,56303,57130.7
5/4/21,57139.1,57489.4,53334.1,54386.6
5/5/21,54388.6,57939.5,52993.3,56844.8
5/6/21,56855.3,58380.9,55340.9,56386.4
5/7/21,56354.7,58685.1,55344.4,57426.6
5/8/21,57425.4,59521.1,56832.6,58863
5/9/21,58869.5,59276.6,56397.6,58101.4
5/10/21,58078.2,59587,54292.5,55755.6
5/11/21,55728,56927.8,54526.6,56571.9
5/12/21,56580.1,57993.1,53597.3,54579.3
5/13/21,54578.9,54784.3,47054.4,49594.2
5/14/21,49594.1,51550,48475.2,49864.9
5/15/21,49861.8,50702.1,46999,48449.4
5/16/21,48451.2,49795.7,43942.3,45245.6
5/17/21,45210.9,46637.1,42166.7,43547.6
5/18/21,43520.4,45813.2,42451.1,43010.1
5/19/21,43006.7,43550.5,30108.1,38872.5
5/20/21,38840.7,42505.6,35021.7,40704.4
5/21/21,40763.6,42209.3,33582.7,36663.7
5/22/21,36669.6,38825.3,35294.2,38188.4
5/23/21,38215.3,38360.6,31190.2,34057.9
5/24/21,34070.2,39896,33690.3,38641.8
5/25/21,38531.5,39834.4,36537.2,37983.3
5/26/21,37983.4,40845,37867.1,39102.3
5/27/21,39094.4,40353.8,37225.3,39048.2
5/28/21,38995.3,39168.3,34758.4,35041.2
5/29/21,35046.5,37292.5,33676,34679.9
5/30/21,34686,36449.9,33459.3,35961.7
5/31/21,35956.9,37470.8,34216.4,36966.6
6/1/21,36943.6,37905.3,35734.9,36389.3
6/2/21,36405.2,38224,35941.2,37809.7
6/3/21,37810.8,39481.1,37202.8,38779.5
6/4/21,38766.2,39271.4,35648.2,37220.1
6/5/21,37225.2,37907.8,34852.5,35000.1
6/6/21,35009,36446.7,34919.4,35940.3
6/7/21,35944.4,36776.7,33702.7,34136.8
6/8/21,34137.8,34295.8,31062.7,33526.2
6/9/21,33510.5,36851,32440.2,36648.4
6/10/21,36655.9,38356,35830,36658.7
6/11/21,36710.3,37659.4,35995,36924.2
6/12/21,36933.5,37486.5,34691.1,35853.8
6/13/21,35831.7,39371.1,34822.1,38899.8
6/14/21,38897,40999.1,38713.8,40284.1
6/15/21,40289.3,41306.7,39586.8,39968.8
6/16/21,39969.7,40486.6,38359,38756.1
6/17/21,38767.1,39526.7,37398,37743.3
6/18/21,37751,38202.4,35168,35681.2
6/19/21,35680.1,36376.3,34887.3,35896.9
6/20/21,35887.7,36113.3,33377.9,35568.1
6/21/21,35563.8,35776.3,31420.6,31499.8
6/22/21,31512.9,33296.2,28935.5,32496.3
6/23/21,32485.8,34796.1,31807.2,33381.2
6/24/21,33365.8,35231.9,32344.9,34797.5
6/25/21,34780,35492.8,31500.2,31770.6
6/26/21,31780.9,32661.4,30195.1,31445.1
6/27/21,31466.3,33587.6,31425.2,32845
6/28/21,32871.2,35290.7,32843.9,34690.4
6/29/21,34658.7,36566.1,34151,36249.4
6/30/21,36238.7,36254.9,34072.8,34809.4
7/1/21,34822.2,35206.4,32799.1,33505.1
7/2/21,33501.1,33950.7,32733.8,33465.9
7/3/21,33464.6,34929.1,33355.4,34595.3
7/4/21,34580,35944.4,34295.9,35866.5
7/5/21,35889.4,35889.4,33180.9,34169.8
7/6/21,34164.5,35088.7,33581.4,33766.7
7/7/21,33765.9,35044.8,33739.4,34250.1
7/8/21,34250.5,34290.5,32118.7,32686.9
7/9/21,32686.8,34002.3,32289.9,33871.3
7/10/21,33861.1,34230.2,33062.4,33431.6
7/11/21,33429,34578.6,33335.4,34473.5
7/12/21,34491.4,34635.9,32663.2,32868.7
7/13/21,32866.9,33324.9,32215.2,32583.9
7/14/21,32587.6,33064.6,31627.8,32861.3
7/15/21,32859.6,33184.1,31155.2,31730.8
7/16/21,31675.7,32254.9,31072.9,31745.5
7/17/21,31742.7,31950.8,31201.9,31728.6
7/18/21,31728.9,32438.9,31158.8,31847.7
7/19/21,31848.2,31942.8,30493.7,30783.4
7/20/21,30768.3,31061.8,29324.3,29702.2
7/21/21,29702.4,32811.3,29511.5,31841.7
7/22/21,31845,32596.5,31740.3,32163.4
7/23/21,32145.2,32885.9,32039.8,32647.7
7/24/21,32628.6,34516.8,32605.8,34124.6
7/25/21,34125.4,34818.6,33889.3,34587.3
7/26/21,34588.5,40533.9,34491.2,37115.7
7/27/21,37129.9,38771.1,36422.4,38284.4
7/28/21,38357.2,40883.8,38146.4,40102.8
7/29/21,40102.4,40627.7,39324.9,39560.9
7/30/21,39564.4,41497.5,38371.4,41175.5
7/31/21,41202.8,42312.5,41029.4,41980.2
8/1/21,41980.9,42577.9,40668.4,41092.3
8/2/21,41086.4,41201.4,38699.6,39210.5
8/3/21,39213.1,39774.4,37715.5,38322.7
8/4/21,38332.6,39953.3,37528.7,39833.8
8/5/21,39835.5,41402.7,37349.2,40926.5
8/6/21,40930.8,43274.9,39925.2,42482.8
8/7/21,42478.6,44553.1,42478.6,43644.2
8/8/21,43599.7,45299.5,43322.1,44260.3
8/9/21,44256.1,46464.2,42818.1,45719.2
8/10/21,45732.6,46653.9,44680.4,45726.5
8/11/21,45711.7,46760.8,45255.6,46371.3
8/12/21,46353.1,46353.1,43837,44249.3
8/13/21,44249.9,47830.3,43904.9,47588.1
8/14/21,47582.4,48128.1,46056.9,47049.8
8/15/21,47049.8,47365,45607.2,46886
8/16/21,46883.8,48053,45686.2,46069.8
8/17/21,46069.5,47095.9,44593.1,44776.7
8/18/21,44777.7,46021.5,44242.5,44621.8
8/19/21,44600.5,46854.7,43994.6,46623
8/20/21,46621.6,49303.9,46363.9,49303.9
8/21/21,49324.9,49793.7,48330,49209.2
8/22/21,49197.8,49466.5,48138.8,48713.8
8/23/21,48719.2,50498.9,48653.6,49563.3
8/24/21,49564,49858.1,47847.2,48201
8/25/21,48204.4,49156.5,47144,49076.2
8/26/21,49091.3,49353.7,46470.3,47263.7
8/27/21,47267.7,49165.8,46382.3,48999.3
8/28/21,48997.4,49304.6,48417,48972.1
8/29/21,48971.8,49649.3,47865.8,48912.4
8/30/21,48914.6,49396.4,47440.7,48407.4
8/31/21,48405.5,48465.9,46719.4,46958.8
9/1/21,46949.1,49018.2,46556.8,48447.1
9/2/21,48445.8,50358,48320.3,49831.8
9/3/21,49828.6,51017.4,48364.9,50250.6
9/4/21,50251.2,50544.8,49519.1,50227.5
9/5/21,50228,51808.1,49513.6,51728.4
9/6/21,51724.4,52205.3,51046.4,52114.1
9/7/21,52119.1,52913,43954.2,46502.9
9/8/21,46551.7,47348.1,44484.8,46076.9
9/9/21,46072.3,47298.9,45613.2,46487.2
9/10/21,46487.4,47025.4,44237.1,44618.1
9/11/21,44596.7,45984.9,44305.2,45403.9
9/12/21,45402.7,46213.2,44775.8,45287.9
9/13/21,45288.4,46815.7,43559.8,45162.3
9/14/21,45133.2,46955.2,44786.9,46689.7
9/15/21,46656.4,48445.6,46603.8,48183.2
9/16/21,48181.4,48493.4,47053.9,47672.8
9/17/21,47676.4,48166.7,46791.7,47246.8
9/18/21,47268.3,48790.4,46918.7,47908.3
9/19/21,47908.6,48366.9,47130.9,47461.2
9/20/21,47460.4,47607.9,42601.3,43507.1
9/21/21,43509.9,43917.9,39782.3,41435.9
9/22/21,41428.3,44000.9,40250,43259.9
9/23/21,43263.5,44930.7,43108.9,44692.6
9/24/21,44694.8,45130.4,40863.2,42953
9/25/21,42960.2,43118.1,41726.4,42724.4
9/26/21,42722.9,43729.2,40829.5,43581.9
9/27/21,43583.1,44338.6,42633.7,43096.2
9/28/21,43098.5,43399.5,41144.1,41877.4
9/29/21,41871.8,42571.2,40813.1,41250.1
9/30/21,41248,44097.5,41124.6,43774.7
10/1/21,43758.7,48439.2,43310.9,48378.8
10/2/21,48370.8,48462.5,47479.9,48168.2
10/3/21,48152.9,49182.5,47159.9,47809.8
10/4/21,47795,49498.7,46966.5,48921.9
10/5/21,48933.4,51884.6,48748.8,51762.2
10/6/21,51762.1,55373.1,50445.2,55108.2
10/7/21,55103.4,55652.9,53470.9,54293.6
10/8/21,54295.3,55994.7,53669.5,54190.7
10/9/21,54189.9,55448.4,53721.8,54865.7
10/10/21,54865.6,56447.1,54192.4,54866
10/11/21,54834.3,57819.2,54411.9,57143.8
10/12/21,57156.2,57634,54142.2,56046.7
10/13/21,56058.6,57700.6,54284.2,57516.6
10/14/21,57505.8,58510.9,56867.9,57758.2
10/15/21,57762,62852.3,56890.8,61199.9
10/16/21,61216.7,62331.5,60175.9,60704.2
10/17/21,60677.5,61420.2,59083.8,60609.9
10/18/21,60629.8,62618.2,59935.5,61780.1
10/19/21,61779.5,64334.6,61440.8,64094.9
10/20/21,64095.4,66961.2,63552.5,65813.1
10/21/21,65811.3,66642.9,62284.9,62698.2
10/22/21,62739.9,63716.1,60060.5,60414.8
10/23/21,60395.8,61730.6,59745,61040.6
10/24/21,61039.3,61479.2,59536.6,60964.8
10/25/21,60967.6,63703.9,60660.2,62839.9
10/26/21,62829.5,63279.4,60642.6,60734.6
10/27/21,60828.7,61465.8,58154.7,58801.2
10/28/21,58796.7,62194.1,58164.2,60732.6
10/29/21,60726.8,62954.2,60316.8,62384.8
10/30/21,62385.5,62473.5,60838.4,61503.5
10/31/21,61490.4,62388.4,60041.9,61428.2
11/1/21,61417.1,62470.2,59586.1,61140.2
11/2/21,61134,64278.6,60691.1,62980
11/3/21,62976.8,63543.1,61133.5,62811.4
11/4/21,62810,63098.2,60769.4,61186.8
11/5/21,61186.5,62610.4,60789.8,61133.9
11/6/21,61121.7,61589.5,60132.7,61402.8
11/7/21,61406.8,63097,61338.4,62832.6
11/8/21,62841.1,66554.5,62814.1,66539.2
11/9/21,66537,68501.6,66343,67305.1
11/10/21,67304.6,68976.5,63526,65145.6
11/11/21,65139.4,65578.6,64144.4,65210.9
11/12/21,65207.1,65462.5,62322.1,63929
11/13/21,63948.5,64963.6,63407.8,64258.6
11/14/21,64285.3,65312.8,63634.9,64526.6
11/15/21,64532.2,66334.8,63447.9,63962.9
11/16/21,63969.4,63975.7,58798.3,60615.4
11/17/21,60615.2,60830.9,58586.6,59992.1
11/18/21,60004.9,60955.4,56614.6,56614.6
11/19/21,56646.5,58395.5,55669.8,57906.8
11/20/21,57890.7,59779.3,57483.8,59779.3
11/21/21,59760,60046.7,58596.3,59160.1
11/22/21,59179.1,59362.9,55698.9,56741.7
11/23/21,56748.2,57880.7,55441.6,57586
11/24/21,57588.6,57753.5,55902.3,57010.7
11/25/21,57003.4,59444.4,56992.6,58931.2
11/26/21,58931.3,59361.3,53577.3,54099
11/27/21,54095.6,55314.4,53557,54917.5
11/28/21,54895,56765.8,53529.9,56094.7
11/29/21,56071.9,58900,56071.9,58117.1
11/30/21,58113.1,59245,55958.3,57345
12/1/21,57335.8,59112.9,56487.2,57077.7
12/2/21,57104,57421.5,55855.5,56887.6
12/3/21,56885,57660,51689.5,53440.3
12/4/21,53431,53875.9,44582.5,49303.2
12/5/21,49307,49783,47875.1,49338.3
12/6/21,49335.7,51012.8,47241.4,50891.4
12/7/21,50882.3,51988.7,50074.8,50261.9
12/8/21,50268.9,51242.8,48673.1,50230.9
12/9/21,50246.8,50843.4,47327.6,47958.5
12/10/21,47960.2,50112.1,47312.6,47523.6
12/11/21,47522.2,49300,46800,48854.8
12/12/21,48853.8,50811.4,48675.6,50330.8
12/13/21,50313.4,50397.5,45841.8,46913.5
12/14/21,46907.8,48669.4,46323.1,48285.9
12/15/21,48280.4,49500,46583.2,48752.8
12/16/21,48764.2,49450.7,47529.8,47830
12/17/21,47830.9,48009.8,45498.7,46534
12/18/21,46515,47367.3,45534.9,46807.9
12/19/21,46792.6,48290,46440.6,47360.9
12/20/21,47323.5,47544.9,45577.4,46792.1
12/21/21,46751.6,49330.1,46653.2,49286.3
12/22/21,49296.5,49580,48442.6,48997.7
12/23/21,49001.5,51391.5,48039.6,50777.4
12/24/21,50777.4,51865.3,50447.7,50785.3
12/25/21,50796.7,51169.8,50191.3,50633.5
12/26/21,50629.8,51295.3,49558.9,50999.9
12/27/21,51005.7,52093.7,50469.2,51035.4
12/28/21,51035.4,51075.5,47319.7,47701.2
12/29/21,47689.6,48141.9,46591.3,47284.1
12/30/21,47284.1,47909.6,45983.6,47083.4
12/31/21,47094.3,48558,45682.6,46308.6
1/1/22,46308.6,47954.8,46142.9,47450.2
1/2/22,47450.2,47981.1,46669.3,47264.8
1/3/22,47264.8,47574.8,45704.6,46222.5
1/4/22,46222.5,47556.9,45490.9,46155.3
1/5/22,46147.8,47063.5,42495.8,43439.9
1/6/22,43432.7,43800,42429.3,43176.6
1/7/22,43176.6,43237.1,40803.8,41537.7
1/8/22,41537.7,42300,40586.2,41912.1
1/9/22,41911.1,42786.7,41204.1,42205.4
1/10/22,42205.4,42280,39716,41605
1/11/22,41602.5,43099.2,41265.9,42717.4
1/12/22,42717.6,44324.6,42458.5,43860.5
1/13/22,43860.5,44522.2,42328.1,42614.5
1/14/22,42611.7,43466.1,41746.9,43263.5
1/15/22,43263.5,43821.6,42587,43259
1/16/22,43259,43485.5,42614.4,43207.3
1/17/22,43209.7,43280.3,41557.4,42094
1/18/22,42094,42687.7,41296.5,42495.6
1/19/22,42493.7,42577.9,41152.3,41989.5
1/20/22,41989.5,43518.1,40864.1,41175.5
1/21/22,41172.6,41185.2,35560.1,36138.8
1/22/22,36143.5,36849,34100.5,34885.5
1/23/22,34878.6,36159.8,34607.9,35518.3
1/24/22,35515.6,37471.4,32971.8,36382.2
1/25/22,36382.2,37557.2,35713.7,36796.4
1/26/22,36803.4,38898.2,36261.7,36535.4
1/27/22,36531.3,37208.7,35528.3,36727.2
1/28/22,36717.7,38011.4,36169.5,37667.1
1/29/22,37662.6,38657.3,37299.3,38154.7
1/30/22,38151.4,38369.3,37367.7,37800.9
1/31/22,37798.7,38757.4,36667.3,38431.7
2/1/22,38431.7,39284.8,38019,38717.7
2/2/22,38717.8,38911.3,36623.5,37036.9
2/3/22,37046.9,37159.1,36299.6,36951.6
2/4/22,36951.9,40901.4,36893.1,40674.2
2/5/22,40674.3,41946.9,40593.1,41604.8
2/6/22,41604.8,42192.7,41141.2,41612
2/7/22,41599.6,44526.2,41513.8,44097
2/8/22,44100.8,45523.6,42703.2,44102.5
2/9/22,44102.7,44848.3,43152.4,44606.8
2/10/22,44606.8,45861.2,43239.1,43980.3
2/11/22,43988.4,44078.4,42014.6,42167.6
2/12/22,42167.7,43091.1,41764.2,42196.6
2/13/22,42196.6,42780.6,41890.9,42405.4
2/14/22,42397,42865.8,41579.9,42690.9
2/15/22,42699.4,44526.7,42448.4,44195.7
2/16/22,44195.7,44776.9,43340.1,44032.5
2/17/22,44032.5,44190.7,40097.2,40737
2/18/22,40742.8,40984.5,39537.2,39964.4
2/19/22,39959.3,40462.2,39658.9,40035.4
2/20/22,40035.4,40164.1,38018.3,38838.2
2/21/22,38834.6,39499.4,36818.6,37562.1
2/22/22,37557.1,38313.7,36362.1,37936.3
2/23/22,37936.3,39262.9,37118.6,37670.8
2/24/22,37670.8,39478.2,34356.9,37885.2
2/25/22,37892.4,39699.4,37892.4,39454.4
2/26/22,39443,40189.3,38594.7,39160.9
2/27/22,39160.8,39871.6,37018.5,37825.8
2/28/22,37815.3,44243.5,37367.9,42965.9
3/1/22,42864.4,44971.4,42828.2,44168.9
3/2/22,44170,45263.6,43342.8,44076.2
3/3/22,44076.2,44213.3,41845.6,42493.2
3/4/22,42500.6,42618.5,38563.6,39016.4
3/5/22,39013.4,39620.8,38415.7,39476.8
3/6/22,39476.8,39705.3,38101.2,38985.8
3/7/22,38990,39553.4,37162.4,38222.9
3/8/22,38222.9,39365.8,37875.2,38560
3/9/22,38560,42592.5,38537.8,41900.4
3/10/22,41900.4,42143.9,38615.4,39457.8
3/11/22,39457.8,40248.3,38240.9,38924.5
3/12/22,38924.5,39460,38668.3,39105.9
3/13/22,39105.9,39311.7,37618,37750.4
3/14/22,37734.1,39932.4,37559.8,39331.6
3/15/22,39334.3,39888.8,38107.6,39481.8
3/16/22,39478.8,41724.3,38928.4,40895.3
3/17/22,40895.3,41483.8,40508.1,41008.3
3/18/22,41008.3,42346.2,40167.6,41708
3/19/22,41708,42417,41524.9,41971.3
3/20/22,41971.3,42312,40929.4,41428.9
3/21/22,41452.6,41555,40487,41136.5
3/22/22,41136.4,43260,40896,42550
3/23/22,42551.3,42796.5,41772.4,42509.9
3/24/22,42509.9,44238.6,42415.9,43969.4
3/25/22,43965.3,45121.2,43605.2,44321.6
3/26/22,44317.2,44815.4,44089.6,44381.9
3/27/22,44383.7,46818.5,44383.7,46562.6
3/28/22,46585.9,48209.1,46367.7,47633
3/29/22,47657.8,48115.6,46903.6,47295.4
3/30/22,47290.7,47709.8,46637.7,47001.6
3/31/22,47001.6,47609.5,45532.7,45766.3
4/1/22,45770.9,46743.4,44213.3,46323.6
4/2/22,46323.6,47223.4,45641.9,46249.5
4/3/22,46249.5,46853,45546.2,46853
4/4/22,46950.5,47406,45131.5,46458.4
4/5/22,46463,47214.1,45469.8,45958.1
4/6/22,45958.1,46059.4,43182.9,43845.8
4/7/22,43845.8,43895.2,42731.6,43524.4
4/8/22,43524.4,43979.6,42463.6,42580.4
4/9/22,42580.4,42677.1,42119.8,42570.8
4/10/22,42570.8,43423.3,42450.5,42678.2
4/11/22,42736.2,42743.8,39316.1,39400.6
4/12/22,39411.1,40658.1,39211.8,39701.7
4/13/22,39701.7,41554.9,39568.9,41232.1
4/14/22,41232.1,41508.3,39560.9,39974
4/15/22,39974,40706.5,39774.4,40434.1
4/16/22,40434.1,40715.8,40008,40490.1
4/17/22,40518.4,40688.1,39837.3,40216.2
4/18/22,40216.2,41105.6,38544.4,40813.5
4/19/22,40813.5,41764.6,40583.2,41321.3
4/20/22,41321.3,42200.3,40903.2,41504.8
4/21/22,41504.8,42984.6,40551.5,40730.5
4/22/22,40730.5,40819,39190.4,39619.2
4/23/22,39623.1,39988,39288.9,39903
4/24/22,39903,39948,39138.1,39641.3
4/25/22,39641.3,40380.4,38217,40235.6
4/26/22,40235.6,40796.9,37788.9,38333.9
4/27/22,38333.9,39470.3,37745.6,39225.9
4/28/22,39225.9,40376.7,38888.3,39848.7
4/29/22,39853.5,39926.8,38175,38564
4/30/22,38564,38799.2,38159.4,38301.1
5/1/22,38301.1,38667.8,37388.5,38342.6
5/2/22,38350,39169.9,38057.5,38643.5
5/3/22,38643.5,38903.5,37513.9,37791.8
5/4/22,37791.8,40020,37627.4,39741.1
5/5/22,39741.1,39833.6,35567.2,36451.3
5/6/22,36451.3,36665.7,35313.9,35956.3
5/7/22,35955.5,36142.7,35089,35089
5/8/22,35200.6,35711.2,33723.1,34450.4
5/9/22,34450.4,34466.2,30321.9,30800.7
5/10/22,30832.3,32640.7,29779,30286.1
5/11/22,30224.3,32090.5,27673.9,28893.2
5/12/22,28893.5,30069.7,25474.1,28368.4
5/13/22,28359.3,30954.3,28273.1,29995.6
5/14/22,29995.6,30087.9,28602.5,29661.4
5/15/22,29662.8,31169,29443.7,31029.6
5/16/22,31035.5,31362.3,29140.8,30135.2
5/17/22,30130.8,30718.6,29440.4,30512.1
5/18/22,30512.1,30652.6,28714.6,29152.1
5/19/22,29171.2,30506.4,28635.5,30245.9
5/20/22,30248.7,30715.4,28692.7,29148.6
5/21/22,29148.4,29617.3,28916.1,29314.4
5/22/22,29314.4,30271.9,29218.8,29981.7
5/23/22,29981.7,30632.1,29025.1,29311.1
5/24/22,29308.2,29610.2,28644.7,29548.3
5/25/22,29548.5,30190.5,29264.8,29789.2
5/26/22,29789.2,29853.8,28001.4,29546.4
5/27/22,29546.4,29640,28253.3,28690.6
5/28/22,28690,29174.1,28413.3,28983.5
5/29/22,28983.5,29445.6,28813,29203.5
5/30/22,29203.5,32183,29144.7,31780.5
5/31/22,31785.7,32373.1,31203,31682.3
6/1/22,31695.6,31957.2,29343.6,29564.1
6/2/22,29566.3,30381.2,29490.5,30340.1
6/3/22,30340.1,30674,29312.4,29786.2
6/4/22,29781.2,29923.7,29460.2,29823.7
6/5/22,29823.7,30157.8,29519.1,29937.1
6/6/22,29937.1,31738.6,29846.9,31462.1
6/7/22,31462.1,31554.4,29195.8,31383.4
6/8/22,31375.8,31467.6,29859.3,30404.5
6/9/22,30404.5,30673.6,29945.5,30114
6/10/22,30114,30337.3,28840.4,29162.6
6/11/22,29161.4,29407.6,28069.3,28528.8
6/12/22,28528.8,28651.1,26859.6,27335.7
6/13/22,27335.7,27415.3,22567.1,23031.7
6/14/22,23026.9,23138,20822.5,21463.2
6/15/22,21481.5,22416.6,20079.7,22157.8
6/16/22,22188.3,22548.1,20724.5,20985.9
6/17/22,20435.1,21334.3,20218.9,20533.1
6/18/22,20531.7,20750.4,17599,18494.7
6/19/22,18507.8,20660.8,17936.1,20369.1
6/20/22,20375.3,21045.7,19616.5,20396
6/21/22,20396,21700.6,20241.7,20950.4
6/22/22,20949.8,20979,19756.5,19985.3
6/23/22,19987.8,21098.1,19870.8,20667.1
6/24/22,20667.1,21430.7,20663,21295.5
6/25/22,21300.8,21588.8,20897.5,21495.7
6/26/22,21489.4,21867.2,21124,21368.6
6/27/22,21368.8,21519.4,20494.3,20784.6
6/28/22,20791.5,21192.8,20181.3,20368.2
6/29/22,20362.5,20429.5,19872.7,20270.8
6/30/22,20270.8,20300.3,18615,18797.2
7/1/22,18797.2,20870.1,18719.9,19375.7
7/2/22,19375.7,19438.2,18980.4,19332
7/3/22,19332,19614.2,18773.6,19279.7
7/4/22,19275.8,20095.2,19030.4,19934.8
7/5/22,19934.8,20723.9,19283.9,20350.7
7/6/22,20355.6,20455.5,19746.6,20332.5
7/7/22,20332.5,21820.7,20249.9,21654.4
7/8/22,21655.6,22487,21177.3,21706.8
7/9/22,21682,21956.8,21312.4,21695.8
7/10/22,21696.3,21737.1,20647.1,21022.9
7/11/22,21022.7,21022.8,20202.1,20224.1
7/12/22,20220.4,20221.8,19256.8,19328.7
7/13/22,19330.5,20091.8,18910.3,19908.9
7/14/22,19906.2,20884.7,19611.5,20468.1
7/15/22,20465.9,21185.8,20371.5,20960.9
7/16/22,20959.7,21566.3,20473.5,21190.8
7/17/22,21192.8,21658.9,20823.6,21016.7
7/18/22,21023.9,22767.3,20748.4,21653.4
7/19/22,21656.2,23804.1,21554.5,23656.5
7/20/22,23651.8,24275.2,22927,23608.5
7/21/22,23608.2,23639.9,22344.2,23212.4
7/22/22,23213.3,23761.4,22510.5,22739.1
7/23/22,22746.3,22998.3,21946.4,22249
7/24/22,22245.5,22906.9,22235.8,22811.5
7/25/22,22814.5,23013.1,21561.1,22027
7/26/22,22029.9,22029.9,20728.4,20945
7/27/22,20945.8,23109,20923.5,22680.9
7/28/22,22680.1,24200.9,22590.2,23931.8
7/29/22,23931.1,24443.9,23434.8,23828.9
7/30/22,23798.1,24669.4,23658.3,23868.8
7/31/22,23868.6,24194.2,23411.6,23595.8
8/1/22,23595.4,23596.4,22858.8,23027.4
8/2/22,23027.8,23457.2,22664.8,23097.7
8/3/22,23084.4,23629.5,22688.5,23274.3
8/4/22,23276.8,23283.7,22407.1,22496
8/5/22,22494.6,23471.3,22456.7,23111.4
8/6/22,23112.8,23352.2,23016.4,23183.9
8/7/22,23183.8,23404.4,22853.5,23315.4
8/8/22,23314.8,24246,23066.3,23852.2
8/9/22,23851.6,23935.3,22882.1,23195.8
8/10/22,23195.8,24230.6,22694.3,23966.2
8/11/22,23967.2,24889.4,23816.2,24195.3
8/12/22,24194.7,24291.2,23594.8,24125.5
8/13/22,24129.1,24898,24087.2,24508.5
8/14/22,24507.8,25040.6,24218.9,24352.3
8/15/22,24352.2,25214.6,23885.3,24031
8/16/22,24032.7,24251.2,23683.1,23950.8
8/17/22,23951.8,24445.2,23184.2,23332.9
8/18/22,23333.6,23598.9,23239.8,23363.3
8/19/22,23362.4,23402.9,20999.2,21024.6
8/20/22,21083.8,21370.3,20766.9,21121.1
8/21/22,21121,21800,21055.5,21534.4
8/22/22,21532.9,21669.1,20903.8,21097.4
8/23/22,21097.9,21665.4,20913.3,21489.2
8/24/22,21488.6,21840,21149.8,21594.1
8/25/22,21594.4,21816.1,21312.1,21584.5
8/26/22,21583.3,21826.1,20550,20641.1
8/27/22,20641.4,20682.7,19847.2,19891.8
8/28/22,19871.2,20161.1,19830,19965.2
8/29/22,19965,20428.1,19538.2,20205.9
8/30/22,20203.4,20575.1,19549.5,19882.1
8/31/22,19886.9,20488.4,19751.3,20282
9/1/22,20278.7,20290.6,19566,20083.7
9/2/22,20084.2,20442.2,19763.8,19979
9/3/22,19980.1,20055.2,19652.7,19751.8
9/4/22,19752.1,19955.9,19585.8,19857.2
9/5/22,19860.8,20058.4,19636.1,19752.4
9/6/22,19751.9,20177.1,18713.2,18979.9
9/7/22,18978.5,19461.9,18551.7,19364.7
9/8/22,19365.1,19447.5,19030.4,19334.6
9/9/22,19332.8,21439.1,19254.9,21257.8
9/10/22,21256.9,21799.5,21136.1,21606.8
9/11/22,21610.8,21866.6,21358.8,21515
9/12/22,21520.1,22489.8,21520.1,22341.3
9/13/22,22349.8,22739.8,19873.9,20133.2
9/14/22,20150.4,20537,19661.1,20206.8
9/15/22,20206.9,20395.1,19496.4,19828.4
9/16/22,19827.4,19888.4,19332.7,19744.4
9/17/22,19744.5,20189,19693.4,20034.5
9/18/22,20034.3,20144.4,19417.5,19463.5
9/19/22,19458.1,19678.6,18240,19519.5
9/20/22,19520.3,19677.2,18715,18898.2
9/21/22,18872.9,19727.6,18341.1,18468.2
9/22/22,18467.3,19494.2,18147.1,19173.6
9/23/22,19179,19520.9,18535.3,19008.8
9/24/22,19008.5,19404.4,18861.7,18952.3
9/25/22,18949.4,19178.9,18720.9,18744.7
9/26/22,18740.1,19319.1,18634.4,19096.4
9/27/22,19098,20383.3,18818.1,18992.7
9/28/22,18982.9,19774.4,18473.2,19618.8
9/29/22,19618.9,19665.1,18845.6,19432.8
9/30/22,19431.3,20179.6,19163.8,19360.2
10/1/22,19361.6,19483.7,19165.7,19288.3
10/2/22,19288.3,19394.7,19059.1,19197.1
10/3/22,19191,19649,18923.3,19555.2
10/4/22,19557.1,20462.1,19499,20296.3
10/5/22,20297.4,20386.1,19730,20055.4
10/6/22,20052.6,20448.8,19881.1,19913.3
10/7/22,19911.3,20056.7,19321,19572.7
10/8/22,19571.7,19625.5,19241.9,19322.7
10/9/22,19322.7,19555.8,19273.5,19482.2
10/10/22,19483,19528,19096.2,19243.5
10/11/22,19243.6,19266,18863.5,19004.5
10/12/22,19003.7,19200.1,18978.2,19181.6
10/13/22,19182.2,19508.7,18197.2,19403.6
10/14/22,19403.1,19950.2,19077.7,19108.5
10/15/22,19107.4,19226.8,19042.1,19070.1
10/16/22,19069,19422.8,18982.3,19148.5
10/17/22,19149.3,19676.7,19119.7,19515.4
10/18/22,19515.4,19700.9,19097.4,19296.2
10/19/22,19292.3,19372.2,19081.7,19195
10/20/22,19194.4,19338.8,18906.1,19070.9
10/21/22,19070.5,19247.7,18650.8,19155.9
10/22/22,19155.6,19256.6,19114.9,19204.4
10/23/22,19204.3,19596.1,19077.4,19541
10/24/22,19542.2,19694.9,19161.3,19366.3
10/25/22,19367.1,20416.8,19238.3,20234.4
10/26/22,20237,21025.4,19992.8,20745.3
10/27/22,20744.8,20909.1,20250.2,20407.2
10/28/22,20408,20750.3,20005.4,20599.8
10/29/22,20600.9,21084.8,20562.1,20850.3
10/30/22,20850.4,20934.6,20521.2,20591
10/31/22,20590,20839.9,20240.2,20478.7
11/1/22,20480.7,20653.9,20330.4,20476.1
11/2/22,20459.6,20798.6,20060.2,20108
11/3/22,20108.7,20386.1,20046,20195.5
11/4/22,20194.9,21300.1,20162.6,21179.3
11/5/22,21180.7,21469.7,21083.4,21297.7
11/6/22,21297.2,21365.2,21052.9,21140.3
11/7/22,21138.4,21152.6,20389.5,20463.7
11/8/22,20462.7,20694.2,17203.1,18514.2
11/9/22,18491.1,18723.3,15764.8,16103
11/10/22,16081.5,19503.4,15799.9,17887.7
11/11/22,17904.2,20543.3,16507.1,16949.2
11/12/22,16922.1,17203.5,16606.2,16805.7
11/13/22,16806.2,16920,16214.7,16414
11/14/22,16404.3,17163,15796.3,16386.9
11/15/22,16385.4,17118.6,16380.7,16859.7
11/16/22,16863.3,16987.9,16371,16653.8
11/17/22,16652.8,16750.3,16399.8,16697.2
11/18/22,16701.4,16987.4,16533.4,16647
11/19/22,16647.2,16803.8,16536,16720.1
11/20/22,16723.3,16756.1,16162.3,16272.5
11/21/22,16273.2,16298.3,15473.9,15720.5
11/22/22,15720.5,16283.4,15600.4,16165.2
11/23/22,16165.1,16680,16137.2,16494.2
11/24/22,16510.9,16795,16449.6,16597.5
11/25/22,16598.3,16646,16334.8,16519.6
11/26/22,16519.9,16689.1,16376,16416.1
11/27/22,16414.6,16588.9,16407.3,16563.3
11/28/22,16560.9,16567.7,16003.7,16212.5
11/29/22,16214.2,16535.5,16093.5,16488.7
11/30/22,16488.4,17241.4,16422.1,17153.7
12/1/22,17146.7,17236,16863.7,16966.5
12/2/22,16967.1,17105.2,16808.3,17042.2
12/3/22,17044,17157.7,16864.6,16902.8
12/4/22,16903,17150.6,16873.8,17104.6
12/5/22,17105.3,17420.5,16870,16943.9
12/6/22,16943.6,17102,16912.1,16973.7
12/7/22,16974.1,17134.7,16689.9,16842.5
12/8/22,16841.6,17298,16738,17203.8
12/9/22,17203.3,17345.2,17069.4,17133.3
12/10/22,17133.4,17226,17112.1,17137.6
12/11/22,17137.7,17268.9,17091.3,17104.7
12/12/22,17101.4,17219.8,16874.2,17159.7
12/13/22,17159,17953.4,17084.9,17772
12/14/22,17770.7,18377.6,17667.2,17837.7
12/15/22,17836.5,17856.7,17282.2,17344.3
12/16/22,17345.1,17528.3,16696.4,16725
12/17/22,16727,16773.5,16532.6,16741.7
12/18/22,16741.9,16860.9,16665.3,16763.8
12/19/22,16764.6,16820.1,16265.7,16416.3
12/20/22,16414.6,17055,16373.8,16869.7
12/21/22,16868.8,16925.2,16727,16765.4
12/22/22,16765.8,16867.2,16560.9,16795
12/23/22,16795,16940.9,16743.9,16791
12/24/22,16790.8,16859.5,16772.8,16824.9
12/25/22,16824.9,16854,16725.8,16819.6
12/26/22,16819.8,16915.6,16796,16835.3
12/27/22,16835.9,16963.3,16595.4,16684.1
12/28/22,16684.4,16776.9,16462.9,16509.2
12/29/22,16509.7,16656.8,16481.7,16612.5
12/30/22,16611.7,16657.2,16329.4,16575.2
12/31/22,16575.1,16631.2,16467.2,16512.6
1/1/23,16510.1,16619.2,16480,16594.6
1/2/23,16594.6,16774.9,16543.4,16692.9
1/3/23,16692.7,16771.3,16599.8,16670.7
1/4/23,16670.7,16982.7,16647.9,16821.5
1/5/23,16821.2,16872.2,16750.6,16832.7
1/6/23,16831.2,17028.1,16675.3,16953
1/7/23,16954.6,16976.2,16903.2,16932.5
1/8/23,16932.4,17015.4,16908.8,16961.2
1/9/23,16961.2,17394.8,16961.2,17204.3
1/10/23,17202.8,17494.5,17129,17433.6
1/11/23,17433.9,17593.3,17314.7,17555
1/12/23,17556,19116.9,17550.7,18916.8
1/13/23,18915.6,20001.6,18718,19851.1
1/14/23,19854.7,21204.6,19736.2,20987.8
1/15/23,20990.7,21073.7,20559.4,20916.3
1/16/23,20915.2,21459.8,20627.4,21188.3
1/17/23,21187,21595.2,20850.7,21234.1
1/18/23,21234.5,21646.1,20409.2,20807.8
1/19/23,20803.4,21188.4,20645.2,21064.9
1/20/23,21064.2,22698,20868,22594.9
1/21/23,22598.3,23374.4,22435.9,22948.9
1/22/23,22902,23073.4,22311.4,22681.5
1/23/23,22678.9,23173.1,22613.9,22931
1/24/23,22934.4,23165.8,22730.3,22756.8
1/25/23,22755.9,23814.8,22364.2,22939.2
1/26/23,22937.7,23285.8,22862.9,23005.8
1/27/23,22998.4,23501.3,22549,23015.6
1/28/23,23014.7,23191.8,22887.2,22982.4
1/29/23,22982.3,23963.7,22966.4,23767.1
1/30/23,23764.8,23876.5,22501.1,22731.3
1/31/23,22732.5,23306,22704.8,23183.7
2/1/23,23182.1,23802.9,22766.8,23714.8
2/2/23,23715.9,24252.3,23439.2,23561.5
2/3/23,23561.4,23718.9,23211.3,23423.5
2/4/23,23423.5,23573,23255.6,23405
2/5/23,23406.1,23435.3,22754.6,22986.1
2/6/23,22976.1,23139.3,22639.1,22882.2
2/7/23,22880.3,23349.5,22644.5,23230.2
2/8/23,23230.1,23446.5,22675.7,22931.1
2/9/23,22884.4,23003,21702.8,21767.6
2/10/23,21765.8,21942.3,21472.1,21573.7
2/11/23,21574.4,21880.2,21555.2,21826
2/12/23,21826.1,22088.4,21670.2,21797
2/13/23,21796.7,21904.2,21389.3,21652
2/14/23,21651.9,22307.8,21593.1,22197.2
2/15/23,22197.2,24379.4,22056.6,24154.2
2/16/23,24157,25190.4,23984.5,24013.8
2/17/23,23997.9,25012.6,23347.1,24680.9
2/18/23,24681.1,24876.2,24438.2,24631.4
2/19/23,24631,25189.3,24266.8,24496.9
2/20/23,24494.3,25098.3,23887.3,24707.3
2/21/23,24704.9,25247.8,24160.7,24388.5
2/22/23,24384.6,24478.5,23591.3,24100.6
2/23/23,24102.5,24599.9,23617.8,23873.6
2/24/23,23869.4,24132.3,22886,23119.7
2/25/23,23119,23220.8,22800.8,23123
2/26/23,23119.9,23675.6,23061.9,23478.9
2/27/23,23478.7,23897.4,23118.9,23478.5
2/28/23,23483.7,23600.5,23025.1,23161.8
3/1/23,23163.7,23908.9,23028,23535
3/2/23,23535,23795,23199.1,23464.9
3/3/23,23463.5,23504.9,22098,22320.4
3/4/23,22321.9,22409.5,22159.1,22307.2
3/5/23,22308.1,22641.6,22238.8,22434.8
3/6/23,22428,22598.3,22266.8,22432.3
3/7/23,22432.6,22556.7,21944,22104.6
3/8/23,22102.6,22267.6,21788.4,21788.4
3/9/23,21795.4,21813.8,20062.4,20344.5
3/10/23,20345.2,20380.1,19561.8,20167.4
3/11/23,20167.4,20941.3,19912,20483.6
3/12/23,20483.2,22084.5,20405.8,21915.8
3/13/23,21934.6,24630.9,21829.2,24299.2
3/14/23,24299.7,26558.8,24043.3,24804
3/15/23,24801.3,25258.8,23980,24464.9
3/16/23,24464,25224.9,24212.8,25043.8
3/17/23,25043.9,27827.2,24944.7,27750.1
3/18/23,27686.2,27778.6,26730.5,27003.4
3/19/23,27003.9,28472,26887.8,28194.4
3/20/23,28198,28553.4,27223.3,28054.7
3/21/23,28054.7,28520.2,27406.2,28121.4
3/22/23,28121.2,28872.3,26685.8,27286.4
3/23/23,27283.8,28787.4,27180.9,28277.4
3/24/23,28272.8,28499.1,27041.6,27328.5
3/25/23,27328.3,27812.3,27186.8,27473.9
3/26/23,27472.8,28175.3,27434,27856.6
3/27/23,27856.6,28166.4,26665.1,27183.4
3/28/23,27183.4,27517.2,26640.3,27201.1
3/29/23,27201.1,28650.8,27144.2,28298.4
3/30/23,28296.4,29187.3,27689.9,28076.4
3/31/23,28076.4,28662.1,27521.7,28482.9
4/1/23,28482.9,28821.7,28273,28488
4/2/23,28488.3,28566.7,27876.1,28032.2
4/3/23,28032.2,28505.7,27350.4,27720.8
4/4/23,27725.4,28443.4,27675.6,28233.1
4/5/23,28238,28777.5,27819.4,28191.2
4/6/23,28191.2,28241.8,27723.2,27999
4/7/23,27999,28113.8,27791.9,27911.8
4/8/23,27911.8,28169.9,27880,27940.7
4/9/23,27940.7,28492.3,27817.8,28456.2
4/10/23,28456.2,29370.2,28197.2,29246.3
4/11/23,29246.3,30578.1,29246.3,30219.4
4/12/23,30219.4,30446.8,29686.4,29967.5
4/13/23,29967.5,30607.8,29828.9,30312.8
4/14/23,30312.8,31034.1,29994.2,30479.4
4/15/23,30479.4,30617.9,30228.3,30291
4/16/23,30291,30573.8,30144.4,30406.3
4/17/23,30406,30425.5,29260.8,29469.6
4/18/23,29469.6,30496.3,29121.5,30376.8
4/19/23,30376.8,30427.6,28834.6,29180.7
4/20/23,29190.7,29246.1,28001.2,28232.7
4/21/23,28232.4,28371.5,27183.9,27277
4/22/23,27277,27786.6,27133,27671.5
4/23/23,27671.6,27883.2,27390.9,27519.2
4/24/23,27519.2,27999.7,27073.5,27415.2
4/25/23,27414.1,28314.5,27194.7,28274.5
4/26/23,28269.4,30028.9,27379.3,28686.8
4/27/23,28686.8,29893,28182,29656.8
4/28/23,29656.8,29673.2,28905.2,29351.2
4/29/23,29351.2,29471.8,29057.8,29247.2
4/30/23,29247.2,29971.6,29105.7,29428
5/1/23,29428,29447.2,27666.7,27992.7
5/2/23,27992.8,28896.3,27876.2,28677.9
5/3/23,28677.9,29065.5,28127.6,28931.2
5/4/23,28995.8,29383.2,28686.5,28850.4
5/5/23,28850.4,29673,28758.6,29513.6
5/6/23,29513.6,29849.2,28455,28857.6
5/7/23,28857.6,29134.6,28752.5,28802.8
5/8/23,28807.1,28874.9,27282.4,27562.3
5/9/23,27562.3,27841.4,27401.1,27625.2
5/10/23,27630.3,28345.8,26885.1,27533.3
5/11/23,27533.3,27751.7,26776.8,27005
5/12/23,27005,27113.4,25845.9,26771.5
5/13/23,26771.5,27031.6,26653.4,26876
5/14/23,26876,27167.5,26651.6,26922.8
5/15/23,26922.8,27682.9,26753.4,27381.6
5/16/23,27381.6,27387.2,26885.3,27023.8
5/17/23,27020.6,27506.8,26603.9,27378.6
5/18/23,27378.6,27499.1,26476.5,26929.3
5/19/23,26928,27164.9,26740.1,26913.9
5/20/23,26913.9,27172.4,26838.5,27057.3
5/21/23,27057.4,27282.5,26686.7,26761.2
5/22/23,26761.2,27073.9,26554.1,26914
5/23/23,26914,27492.8,26805.3,27201.7
5/24/23,27202,27252.4,26052.3,26367.1
5/25/23,26370.3,26618.7,25926.7,26476.6
5/26/23,26473.9,26939.7,26329.9,26730.6
5/27/23,26730.6,26852.8,26560.4,26781.2
5/28/23,26781.2,27957.9,26772.6,27841.4
5/29/23,27841.4,28455.4,27532.3,27675
5/30/23,27675,28049.5,27565.4,27730.2
5/31/23,27730.2,27843.6,26849.8,27095.1
6/1/23,27095.6,27350.4,26615.4,26897.4
6/2/23,26897.4,27295.3,26510.9,27214.7
6/3/23,27214.5,27334.7,26924.5,27015.2
6/4/23,27015.2,27306.1,26959.6,27203.3
6/5/23,27203.3,27462.5,25394.9,25669.4
6/6/23,25666.1,27215.9,25361.7,27064.9
6/7/23,27065,27393.9,26132.1,26156.1
6/8/23,26158.8,26815.1,26139,26578.2
6/9/23,26578.2,26779.7,26282.8,26474.2
6/10/23,26474.2,26531.9,25391.3,25776.2
6/11/23,25776.2,26215.3,25648,26057
6/12/23,26057.1,26107.5,25622,25931.6
6/13/23,25931.6,26429.3,25716.1,25844.1
6/14/23,25844.1,26078.6,24821.1,25119
6/15/23,25088,25735,24750.4,25553.4
6/16/23,25553.4,26489.1,25149,26277.1
6/17/23,26289.5,26798.3,26163.7,26514.2
6/18/23,26513.1,26691.1,26380.5,26409.3
6/19/23,26402.2,27050.9,26250.6,26761.9
6/20/23,26761.9,28307.1,26645.2,28134.2
6/21/23,28134.2,30763.8,28108.2,29882.4
6/22/23,29888,30501.5,29654.3,30060.4
6/23/23,30060.4,31410.1,29810.7,30677.6
6/24/23,30677.9,30812.9,30269.7,30533
6/25/23,30533,31057,30289.2,30461.2
6/26/23,30461.3,30666.3,29931.1,30164.4
6/27/23,30164.4,31005.5,30105.6,30722.9
6/28/23,30722.9,30740.2,29947.6,30134.1
6/29/23,30134.1,30832.4,30047.7,30413.1
6/30/23,30413.7,31272.9,29494.1,30469.2
7/1/23,30469.2,30656,30314.9,30584.7
7/2/23,30584.7,30681.8,30190,30560.2
7/3/23,30562.7,31385.9,30430.9,31052.4
7/4/23,31052.4,31354.7,30626.8,30810.5
7/5/23,30810.5,30881.5,30198.2,30474.9
7/6/23,30474.9,31491.9,29891.6,30222
7/7/23,30222,30445.7,29703.5,30292.7
7/8/23,30292.7,30388,30048.8,30185.9
7/9/23,30185.9,30445.5,30121,30159.3
7/10/23,30159.3,31048.9,29956.9,30320.1
7/11/23,30260.1,30813,30206,30570.8
7/12/23,30570.8,30977.8,30215.9,30355.4
7/13/23,30355.4,31818.8,30250.6,31266.2
7/14/23,31266.2,31641.1,29915.6,30256.8
7/15/23,30255.8,30407.6,30216.7,30312.1
7/16/23,30312.1,30451.9,30143.6,30306.6
7/17/23,30306.6,30375.9,29665.4,30249.1
7/18/23,30247.7,30273,29518.2,29807.4
7/19/23,29807.4,30193.1,29762,29933.7
7/20/23,29933.7,30417.2,29576.2,29869.6
7/21/23,29867.6,30059.3,29724.6,29900.2
7/22/23,29900.2,30001.4,29805.6,29830
7/23/23,29830,30348.9,29649.9,29944
7/24/23,29954.7,30098.1,28862.5,29163.5
7/25/23,29163.6,29373.7,29045.3,29226.9
7/26/23,29226.9,29682.8,29092.3,29467.2
7/27/23,29467.2,29566.3,29093.3,29179.3
7/28/23,29179.3,29528,29115.5,29313.4
7/29/23,29313.2,29406.6,29255.6,29348.1
7/30/23,29347.8,29446.9,29088.4,29211.2
7/31/23,29211.2,29525.9,29096.3,29238.3
8/1/23,29238.3,29343,28562.8,29229.9
8/2/23,29228.1,30028,28919.7,29162.9
8/3/23,29162.9,29401.8,28940.7,29217.1
8/4/23,29230.2,29305.2,28789.6,29037.5
8/5/23,29037.5,29191.1,28961,29041.5
8/6/23,29041.5,29206.5,28896.4,29042.9
8/7/23,29044.3,29241.9,28514,29162.2
8/8/23,29162.3,30221,29110,29850.5
8/9/23,29850.8,30130.7,29351.4,29501.2
8/10/23,29501.2,29707.2,29306.9,29434.8
8/11/23,29434.8,29526.6,29219.1,29377.7
8/12/23,29377.7,29465.1,29355.5,29400.9
8/13/23,29400.9,29450.5,29309.2,29344
8/14/23,29344,29661.2,29076.3,29371.3
8/15/23,29371.3,29459.1,29104.6,29197.8
8/16/23,29197.8,29225,28836.4,28897.2
8/17/23,28897.2,28944.4,25156.3,26238.8
8/18/23,25989.9,27092,25606.8,26049.7
8/19/23,26049.7,26266.9,25793.4,26078.2
8/20/23,26078.2,26294,25985.4,26175.5
8/21/23,26178.7,26246.8,25812,26192.4
8/22/23,26192.1,26192.3,25294.2,25660.3
8/23/23,25660.6,26805.7,25634.5,26315
8/24/23,26312,26566.7,25857.2,26081.7
8/25/23,26081.7,26296.3,25765.6,26067.5
8/26/23,26066,26099.2,25969.9,26027.7
8/27/23,26026.4,26167.8,25953.9,26055.6
8/28/23,26055.6,26231.7,25859.8,25969.4
8/29/23,25969.4,28143.8,25904.1,27664.2
8/30/23,27664,27768.9,27020.8,27259.7
8/31/23,27259.7,27568.9,25665.6,26021.4
9/1/23,26021.4,26145.8,25325.1,25791.3
9/2/23,25791.3,25982.3,25742.2,25856
9/3/23,25856,26121.6,25796.4,25963
9/4/23,25963,26100.4,25624,25670.5
9/5/23,25664.9,25871.4,25554.8,25722.4
9/6/23,25722.4,26005.7,25403.7,25709.9
9/7/23,25711.3,26419.4,25600.1,26146.7
9/8/23,26172.9,26433.8,25667.7,25890.6
9/9/23,25889,25934.1,25789.2,25883.5
9/10/23,25883.5,25910.4,25577.4,25893
9/11/23,25915.4,26020.6,24905.3,25139.9
9/12/23,25139.9,26544.6,25078,26100.6
9/13/23,26098.7,26403.4,25761.8,26232
9/14/23,26232,26857.2,26128.6,26542.5
9/15/23,26542.5,26689.2,26224,26468.3
9/16/23,26469.2,26885.8,26450.5,26572.4
9/17/23,26572.4,26628,26404.6,26491.3
9/18/23,26491.3,27414.8,26383.4,26843.4
9/19/23,26843.4,27485.2,26673.9,27161.8
9/20/23,27161.8,27391.9,26805.3,27111.8
9/21/23,27113.7,27159.9,26375.9,26612.6
9/22/23,26612.6,26739.6,26470.2,26567.2
9/23/23,26567.5,26633.6,26510.1,26570.7
9/24/23,26570.7,26739.3,26341.5,26520.4
9/25/23,26520.4,26520.4,25994,26278.3
9/26/23,26278.3,26392.2,26080.6,26154.2
9/27/23,26226.9,26828,26094.3,26260.2
9/28/23,26260.6,27296.3,26260.5,27004.5
9/29/23,27002.2,27240.3,26664.7,26867
9/30/23,26867,27095,26862.4,27004.7
10/1/23,27004.7,27289.3,26956.2,27190.2
10/2/23,27183.1,28495.5,27158.3,27480.2
10/3/23,27480.2,27671.8,27165,27399.8
10/4/23,27399.8,27837.2,27213.8,27688.2
10/5/23,27687.7,28124.5,27358.6,27457.7
10/6/23,27457.4,28289.7,27197.4,28053.9
10/7/23,28056.7,28146.2,27858.1,27948.7
10/8/23,27948.6,28107.3,27710.7,27934.7
10/9/23,27932.8,27999.1,27322.4,27626
10/10/23,27627,27737.2,27298.8,27428.7
10/11/23,27428.7,27478.8,26532,26720.7
10/12/23,26720.7,26938.9,26544.1,26749.4
10/13/23,26749.4,27108.5,26679.2,27013.8
10/14/23,27012.1,27067.2,26755.2,26819.4
10/15/23,26818.4,27233.8,26807.4,27180.7
10/16/23,27180.7,30006.6,27038.4,28435
10/17/23,28435,28627.8,28081.5,28497.8
10/18/23,28490.3,28890.4,28154.4,28276.5
10/19/23,28272.6,28921.3,28146.9,28615.2
10/20/23,28615.5,30118.1,28592.3,29627.2
10/21/23,29627.2,30374.6,29478,29999
10/22/23,29999.1,30259.6,29722,29760.1
10/23/23,29760.1,31825.8,29724.7,31646.4
10/24/23,31646.4,35179.4,31611.4,34138.1
10/25/23,34121.6,35128,33691.4,34560.7
10/26/23,34560.7,34833.4,33749.3,34114.2
10/27/23,34114.2,34284.2,33408,33847.2
10/28/23,33847.2,34401.5,33793.9,34195.5
10/29/23,34195.8,34748.3,33936.4,34714.6
10/30/23,34714.6,34835.5,34133.9,34479.9
10/31/23,34480.3,34730.2,34051.6,34573.7
11/1/23,34573.7,35599.2,34107.6,35289.3
11/2/23,35291.2,35994.6,34332.4,34793.3
11/3/23,34793.3,34952.4,34123.1,34641.6
11/4/23,34641.6,35204.6,34599,35180.4
11/5/23,35177.8,35325.5,34482.8,34998.1
11/6/23,34999.4,35375.9,34757.5,35125.6
11/7/23,35125.6,35901.3,34535.5,35298.3
11/8/23,35298.3,35958.6,35108.8,35791.5
11/9/23,35793.6,37984.4,35552.8,36555.6
11/10/23,36549.2,37514,36352.6,37376
11/11/23,37371.1,37512.4,36729,36901.1
11/12/23,36901.2,37239.5,36746.5,37170.9
11/13/23,37170.9,37429.3,36341.7,36480.2
11/14/23,36482.4,36751.5,34765.8,35613.6
11/15/23,35610.1,37893.1,35366.2,37726.6
11/16/23,37730.1,37977.4,35513.1,36221.6
11/17/23,36225.1,36772,35873.1,36552.4
11/18/23,36552.4,36857.6,36210.9,36524.2
11/19/23,36523.9,37099.3,36361.8,36996.6
11/20/23,36996.6,37764.7,36706.4,37455
11/21/23,37454.4,37669.3,36276.4,36390.3
11/22/23,36393.1,37872.5,35657.9,37457.3
11/23/23,37456,37647.9,36895.8,37310.2
11/24/23,37319.4,38428.2,37256,37711.9
11/25/23,37711.9,37909.6,37610.8,37747.3
11/26/23,37746,37835.8,37170,37667.6
11/27/23,37667.6,37667.6,36716.2,37084
11/28/23,37084,38396.6,36871.7,37883.1
11/29/23,37884.9,38467.7,37584.3,37795.2
11/30/23,37795.2,38150.8,37510.5,37700.1
12/1/23,37705.6,38996.9,37611.1,38719.3
12/2/23,38719.3,39732.7,38660.5,39367.1
12/3/23,39373,40223.8,39294.1,40075.1
12/4/23,40077.2,42419.1,39793.9,41952.7
12/5/23,41941.6,44493.1,41416.5,44290.7
12/6/23,44290.7,44295.3,43390.8,43771.6
12/7/23,43761.1,44046.4,42870.4,43151.1
12/8/23,43151.1,44716.5,43093.8,44263.5
12/9/23,44278.1,44369.1,43734.9,43911.6
12/10/23,43903.4,44053.7,43605.9,43784.8
12/11/23,43779.1,43848.2,40188,41267.3
12/12/23,41267.3,42090.8,40645.8,41211.6
12/13/23,41211.6,43448.9,40563.1,42972.3
12/14/23,42972.3,43424.7,41784.8,43077.9
12/15/23,43077.9,43187.5,41656.4,42064.9
12/16/23,42064.9,42689.1,41625.1,42277
12/17/23,42277,42373.1,41532.4,41674.9
12/18/23,41674.9,42744.6,40515.1,42498.4
12/19/23,42498.4,43465.1,41797.4,42312
12/20/23,42312.1,44282.1,42192.1,43613.4
12/21/23,43610.8,44245.8,43290.5,43957.3
12/22/23,43957.8,44411.2,43423,43834.6
12/23/23,43834.6,44084.3,43330.1,43767.7
12/24/23,43767.7,43963.3,42704.4,43005.7
12/25/23,43007.5,43806.9,42755.6,43689.8
12/26/23,43689.8,43689.8,41703.7,42465.8
12/27/23,42465.8,43698.8,42103.1,43350.7
12/28/23,43356.1,43815.2,42273.6,42644.4
12/29/23,42647.1,43129.7,41306.9,41769.4
12/30/23,41769.4,42603.9,41521.8,42131.5
12/31/23,42125.3,42881,41981.6,42247.3
1/1/24,42250.7,43836.1,42053.8,43538.2
1/2/24,43538.2,45919.1,43538.2,44998.4
1/3/24,44998.6,45510.9,40823.8,42765.5
1/4/24,42766.4,44791.8,42607.7,44370.8
1/5/24,44370.8,44407.1,42530.8,44002.2
1/6/24,44006.7,44343,43436.7,43904.9
1/7/24,43904.9,44498.8,43726.7,43898.1
1/8/24,43890.9,47261.7,43201.1,47041.8
1/9/24,47041.8,47636.2,45198.3,46275.4
1/10/24,46266.3,46958.7,44331.1,46914.4
1/11/24,46914.4,48976.3,45596.8,46402.8
1/12/24,46402.8,46520.5,41717.1,42481.9
1/13/24,42464.6,43247.9,42426.4,42980.3
1/14/24,42980.3,43068.5,41974.4,42250.7
1/15/24,42250.8,43360.9,41688,42576.8
1/16/24,42588.9,43573.6,42058.2,43199.1
1/17/24,43199.1,43277.8,42162.8,42679.4
1/18/24,42679.4,42877,40597.9,41312.9
1/19/24,41303.6,42148.6,40259.3,41645.8
1/20/24,41645.8,41830.5,41418.6,41747.3
1/21/24,41747.3,41855,41503.4,41607.2
1/22/24,41607.2,41658.8,39415.3,39794.8
1/23/24,39793.1,40137,38514,39434
1/24/24,39453.3,40519.7,39437.3,39854.9
1/25/24,39854.9,40274,39523.9,39934.7
1/26/24,39934.7,42231.4,39801.8,41897.5
1/27/24,41897.5,42197.5,41390.6,42155.1
1/28/24,42155,42828.7,41617.9,41827.3
1/29/24,41833.5,43290.9,41746.9,43111.1
1/30/24,43110.2,43861.3,43078.1,43326.9
1/31/24,43324,43736.8,42287.4,42632.2
2/1/24,42632.2,43271.3,41851.4,42914.7
2/2/24,42914.7,43453.6,42522.1,43179.7
2/3/24,43179.7,43354.9,42864.1,43016.5
2/4/24,43016.7,43100.5,42299.6,42553.3
2/5/24,42553.3,43521.8,42236.1,42449.1
2/6/24,42449,43361.3,42406.5,43186.1
2/7/24,43186.2,44388.9,42757.2,44151.9
2/8/24,44151.9,45616.6,44143.9,45280.6
2/9/24,45283.4,48206.4,45246.2,47300
2/10/24,47300,48170.9,46834.2,47839.8
2/11/24,47839.8,48606.7,47577.8,48149.9
2/12/24,48150.3,50347.5,47713.9,50043.1
2/13/24,50043.1,50391.8,48311.1,49540.8
2/14/24,49540.9,52034.4,49251.7,51840.6
2/15/24,51843.1,52843.6,51364.3,51689.3
2/16/24,51685.7,52599.4,51601.5,52017.9
2/17/24,52017.9,52246.6,50645.3,51721.9
2/18/24,51721.9,52382.2,51188.9,52245.5
2/19/24,52245.6,52496.1,51685.7,51948.9
2/20/24,51948.9,52985.8,50765.1,52178.6
2/21/24,52178.6,52528.3,50640.5,51511.1
2/22/24,51499.7,52049.6,50913.3,51439.5
2/23/24,51422.7,51516.6,50643.5,50780.9
2/24/24,50780.9,51683.8,50521.3,51556.1
2/25/24,51556.1,51951.3,51281.4,51699.4
2/26/24,51699.4,54952,50907.1,54695.3
2/27/24,54695.3,57564.2,54477.5,56915.7
2/28/24,56915.7,64078.1,56725.3,61317.8
2/29/24,61317.8,63683.8,60362.5,61260.1
3/1/24,61260.1,63183,60797.7,62538.3
3/2/24,62538.2,62767.9,61674.8,61745.5
3/3/24,61745.5,63257.1,61431.9,62847.2
3/4/24,62855.7,68003.8,62397.8,68003.8
3/5/24,68003.8,68992.1,60331.6,63419.7
3/6/24,63469.8,67642.2,62832.5,65949.5
3/7/24,65949.5,68054.8,65593.6,67198.1
3/8/24,67198.1,69982,66303.7,68290.8
3/9/24,68283.1,68693.9,68030.8,68498.3
3/10/24,68497.6,70026,68218.2,68498.7
3/11/24,68515.3,72858.2,67623.4,72455.6
3/12/24,72455.6,72812.7,69082.3,71167